5호선-하남검단산행,방화,개화산,60
5호선-하남검단산행,개화산,김포공항,90
5호선-하남검단산행,김포공항,송정,100
5호선-하남검단산행,송정,마곡,130
5호선-하남검단산행,마곡,발산,90
5호선-하남검단산행,발산,우장산,100
5호선-하남검단산행,우장산,화곡,90
5호선-하남검단산행,화곡,까치산,90
5호선-하남검단산행,까치산,신정,90
5호선-하남검단산행,신정,목동,110
5호선-하남검단산행,목동,오목교,70
5호선-하남검단산행,오목교,양평,80
5호선-하남검단산행,양평,영등포구청,80
5호선-하남검단산행,영등포구청,영등포시장,70
5호선-하남검단산행,영등포시장,신길,70
5호선-하남검단산행,신길,여의도,90
5호선-하남검단산행,여의도,여의나루,90
5호선-하남검단산행,여의나루,마포,80
5호선-하남검단산행,마포,공덕,120
5호선-하남검단산행,공덕,애오개,70
5호선-하남검단산행,애오개,충정로,80
5호선-하남검단산행,충정로,서대문,80
5호선-하남검단산행,서대문,광화문,60
5호선-하남검단산행,광화문,종로3가,90
5호선-하남검단산행,종로3가,을지로4가,100
5호선-하남검단산행,을지로4가,동대문운동장,100
5호선-하남검단산행,동대문운동장,청구,90
5호선-하남검단산행,청구,신금호,80
5호선-하남검단산행,신금호,행당,90
5호선-하남검단산행,행당,왕십리,80
5호선-하남검단산행,왕십리,마장,70
5호선-하남검단산행,마장,답십리,60
5호선-하남검단산행,답십리,장한평,100
5호선-하남검단산행,장한평,군자,100
5호선-하남검단산행,군자,아차산,100
5호선-하남검단산행,아차산,광나루,90
5호선-하남검단산행,광나루,천호,110
5호선-하남검단산행,천호,강동,130
5호선-하남검단산행,강동,길동,70
5호선-하남검단산행,길동,굽은다리,90
5호선-하남검단산행,굽은다리,명일,70
5호선-하남검단산행,명일,고덕,70
5호선-하남검단산행,고덕,상일동,100
5호선-하남검단산행,상일동,강일,100
5호선-하남검단산행,강일,미사,70
5호선-하남검단산행,미사,하남풍산,110
5호선-하남검단산행,하남풍산,하남시청,150
5호선-하남검단산행,하남시청,하남검단산,100
