5호선-하남검단산행,방화,60
5호선-하남검단산행,개화산,90
5호선-하남검단산행,김포공항,100
5호선-하남검단산행,송정,130
5호선-하남검단산행,마곡,90
5호선-하남검단산행,발산,100
5호선-하남검단산행,우장산,90
5호선-하남검단산행,화곡,90
5호선-하남검단산행,까치산,90
5호선-하남검단산행,신정,110
5호선-하남검단산행,목동,70
5호선-하남검단산행,오목교,80
5호선-하남검단산행,양평,80
5호선-하남검단산행,영등포구청,70
5호선-하남검단산행,영등포시장,70
5호선-하남검단산행,신길,90
5호선-하남검단산행,여의도,90
5호선-하남검단산행,여의나루,80
5호선-하남검단산행,마포,120
5호선-하남검단산행,공덕,70
5호선-하남검단산행,애오개,80
5호선-하남검단산행,충정로,80
5호선-하남검단산행,서대문,60
5호선-하남검단산행,광화문,90
5호선-하남검단산행,종로3가,100
5호선-하남검단산행,을지로4가,100
5호선-하남검단산행,동대문운동장,90
5호선-하남검단산행,청구,80
5호선-하남검단산행,신금호,90
5호선-하남검단산행,행당,80
5호선-하남검단산행,왕십리,70
5호선-하남검단산행,마장,60
5호선-하남검단산행,답십리,100
5호선-하남검단산행,장한평,100
5호선-하남검단산행,군자,100
5호선-하남검단산행,아차산,90
5호선-하남검단산행,광나루,110
5호선-하남검단산행,천호,130
5호선-하남검단산행,강동,70
5호선-하남검단산행,길동,90
5호선-하남검단산행,굽은다리,70
5호선-하남검단산행,명일,70
5호선-하남검단산행,고덕,100
5호선-하남검단산행,상일동,100
5호선-하남검단산행,강일,70
5호선-하남검단산행,미사,110
5호선-하남검단산행,하남풍산,150
5호선-하남검단산행,하남시청,100
5호선-하남검단산행,하남검단산,0
